{
    "loss": 18.198448181152344,
    "accuracy": 0.4313725531101227
}