{
    "loss": 13.86577320098877,
    "accuracy": 0.5686274766921997
}